"date","depot_code","depot_location","transporter","total_distance","percentage_empty","emptiness_var_cost","total_amount_wasted_per_transporter","transporter_type","contract_ref","monthly_transporter_cost"
2024-08-13,EA33,Alrode,Unitrans Supply Chain Sols,4715,13.37,80.91360000,8887.72,Secondary,UNI-ALR-DIR-2022,2883961.00
2024-09-05,EB21,Waltloo,Makwande,6555,11.68,65.29751100,10543.19,Secondary,MKW-WAO-DIR-2022,2598222.00
2024-10-26,EA33,Alrode,Unitrans Supply Chain Sols,4883,9.22,57.36787200,6719.82,Secondary,UNI-ALR-DIR-2022,2883961.00
2024-10-26,EA35,Bethlehem,Unitrans Supply Chain Sols,815,10.82,7.48224000,2670.22,Secondary,UNI-BLM-DIR-2022,576792.00
2024-10-13,EB44,Witbank,Makwande,373,11.98,1.71673400,640.34,Secondary,MKW-WIT-DIR-2022,1136722.00
2024-08-16,EB08,Ladysmith,Tanker Services Fuel,478,18.96,6.34189600,1329.60,Secondary,TNK-LAY-DIR-2022,474936.00
2024-10-05,EB21,Waltloo,Makwande,2170,13.06,28.07963500,3499.00,Secondary,MKW-WAO-DIR-2022,2598222.00
2024-09-28,EB06,Island View Terminal,Tanker Services Fuel,1239,16.32,21.84133600,2768.54,Secondary,TNK-IVT-DIR-2022,2216366.00
2024-08-17,EA33,Alrode,Unitrans Supply Chain Sols,2748,10.91,50.91206400,4418.20,Secondary,UNI-ALR-DIR-2022,2883961.00
2024-10-01,EB06,Island View Terminal,Tanker Services Fuel,451,11.44,7.65608800,965.32,Secondary,TNK-IVT-DIR-2022,2216366.00
2024-08-11,EB39,Klerksdorp,Unitrans Supply Chain Sols,541,16.24,11.22508800,1481.09,Secondary,UNI-KPR-DIR-2022,576792.00
2024-09-14,EB21,Waltloo,Makwande,993,9.48,8.15377000,1513.31,Secondary,MKW-WAO-DIR-2022,2598222.00
2024-09-18,EB21,Waltloo,Makwande,943,13.29,17.14871100,1765.48,Secondary,MKW-WAO-DIR-2022,2598222.00
2024-08-01,EB06,Island View Terminal,Tanker Services Fuel,228,23.44,11.75750400,491.05,Secondary,TNK-IVT-DIR-2022,2216366.00
2024-08-28,EB21,Waltloo,Makwande,2890,17.40,57.34866000,5565.24,Secondary,MKW-WAO-DIR-2022,2598222.00
2024-10-23,EA33,Alrode,Unitrans Supply Chain Sols,4153,10.69,53.59219200,5567.67,Secondary,UNI-ALR-DIR-2022,2883961.00
2024-10-28,EB08,Ladysmith,Tanker Services Fuel,184,13.84,6.94214400,390.83,Secondary,TNK-LAY-DIR-2022,474936.00
2024-08-26,EA33,Alrode,Unitrans Supply Chain Sols,3076,14.78,61.31635200,7221.93,Secondary,UNI-ALR-DIR-2022,2883961.00
2024-10-24,EB06,Island View Terminal,Tanker Services Fuel,1863,11.49,24.97633600,3774.65,Secondary,TNK-IVT-DIR-2022,2216366.00
2024-10-10,EA35,Bethlehem,Unitrans Supply Chain Sols,763,8.30,4.30617600,1533.22,Secondary,UNI-BLM-DIR-2022,576792.00
2024-10-18,EB08,Ladysmith,Tanker Services Fuel,394,9.14,4.58629600,563.03,Secondary,TNK-LAY-DIR-2022,474936.00
2024-08-09,EB44,Witbank,Makwande,722,6.98,3.00213500,510.85,Secondary,MKW-WIT-DIR-2022,1136722.00
2024-10-13,EB21,Waltloo,Makwande,2010,15.34,21.98651900,4583.73,Secondary,MKW-WAO-DIR-2022,2598222.00
2024-08-07,EB39,Klerksdorp,Unitrans Supply Chain Sols,195,13.80,4.76928000,569.64,Secondary,UNI-KPR-DIR-2022,576792.00
2024-10-25,EB06,Island View Terminal,Tanker Services Fuel,1415,15.70,28.87878400,3755.97,Secondary,TNK-IVT-DIR-2022,2216366.00
2024-08-15,EB39,Klerksdorp,Unitrans Supply Chain Sols,808,6.53,3.38515200,682.57,Secondary,UNI-KPR-DIR-2022,576792.00
2024-09-26,EA33,Alrode,Unitrans Supply Chain Sols,623,6.94,4.80211200,722.30,Secondary,UNI-ALR-DIR-2022,2883961.00
2024-10-20,EB06,Island View Terminal,Tanker Services Fuel,308,40.46,27.06299200,2051.25,Secondary,TNK-IVT-DIR-2022,2216366.00
2024-09-20,EB21,Waltloo,Makwande,938,10.27,8.83014600,1376.26,Secondary,MKW-WAO-DIR-2022,2598222.00
2024-10-03,EA33,Alrode,Unitrans Supply Chain Sols,2945,7.61,21.04704000,4726.94,Secondary,UNI-ALR-DIR-2022,2883961.00
2024-10-05,EB05,East London,Tanker Services Fuel,83,4.76,1.59341600,76.09,Secondary,TNK-ESL-DIR-2022,791559.00
2024-08-07,EB21,Waltloo,Makwande,641,13.22,18.95572400,1127.85,Secondary,MKW-WAO-DIR-2022,2598222.00
2024-09-06,EB39,Klerksdorp,Unitrans Supply Chain Sols,459,4.06,2.10470400,570.28,Secondary,UNI-KPR-DIR-2022,576792.00
2024-10-12,EA33,Alrode,Unitrans Supply Chain Sols,1182,10.89,18.82828800,2277.02,Secondary,UNI-ALR-DIR-2022,2883961.00
2024-09-13,EB06,Island View Terminal,Tanker Services Fuel,315,10.04,5.03606400,499.81,Secondary,TNK-IVT-DIR-2022,2216366.00
2024-08-28,EB39,Klerksdorp,Unitrans Supply Chain Sols,316,12.46,4.30617600,534.99,Secondary,UNI-KPR-DIR-2022,576792.00
2024-09-22,EB06,Island View Terminal,Tanker Services Fuel,1096,12.91,10.79944800,2415.93,Secondary,TNK-IVT-DIR-2022,2216366.00
2024-09-30,EB06,Island View Terminal,Tanker Services Fuel,333,9.74,1.62852800,542.30,Secondary,TNK-IVT-DIR-2022,2216366.00
2024-08-12,EB21,Waltloo,Makwande,612,14.39,14.43604200,1187.36,Secondary,MKW-WAO-DIR-2022,2598222.00
2024-09-16,EB08,Ladysmith,Tanker Services Fuel,762,9.14,4.58629600,891.30,Secondary,TNK-LAY-DIR-2022,474936.00
2024-10-28,EB06,Island View Terminal,Tanker Services Fuel,1476,19.78,36.38272000,3963.88,Secondary,TNK-IVT-DIR-2022,2216366.00
2024-10-04,EA33,Alrode,Unitrans Supply Chain Sols,970,7.31,11.37196800,959.92,Secondary,UNI-ALR-DIR-2022,2883961.00
2024-08-02,EB06,Island View Terminal,Tanker Services Fuel,1816,22.45,41.29338400,5126.63,Secondary,TNK-IVT-DIR-2022,2216366.00
2024-08-17,EB08,Ladysmith,Tanker Services Fuel,753,8.71,8.74288800,1025.23,Secondary,TNK-LAY-DIR-2022,474936.00
2024-09-11,EB05,East London,Tanker Services Fuel,282,5.06,2.53976800,264.14,Secondary,TNK-ESL-DIR-2022,791559.00
2024-10-29,EB06,Island View Terminal,Tanker Services Fuel,1876,13.03,15.25031200,6171.94,Secondary,TNK-IVT-DIR-2022,2216366.00
2024-10-14,EB06,Island View Terminal,Tanker Services Fuel,1098,14.08,18.83675200,2387.77,Secondary,TNK-IVT-DIR-2022,2216366.00
2024-10-16,EB39,Klerksdorp,Unitrans Supply Chain Sols,336,12.97,8.96486400,630.10,Secondary,UNI-KPR-DIR-2022,576792.00
2024-08-23,EA33,Alrode,Unitrans Supply Chain Sols,3030,14.09,58.44096000,5756.13,Secondary,UNI-ALR-DIR-2022,2883961.00
2024-09-06,EA33,Alrode,Unitrans Supply Chain Sols,5688,7.11,43.05830400,8111.25,Secondary,UNI-ALR-DIR-2022,2883961.00
2024-09-23,EA33,Alrode,Unitrans Supply Chain Sols,787,10.44,14.44089600,1581.71,Secondary,UNI-ALR-DIR-2022,2883961.00
2024-09-24,EB06,Island View Terminal,Tanker Services Fuel,1622,19.54,35.95301600,7087.03,Secondary,TNK-IVT-DIR-2022,2216366.00
2024-10-05,EA35,Bethlehem,Unitrans Supply Chain Sols,99,0.00,0.00000000,0.00,Secondary,UNI-BLM-DIR-2022,576792.00
2024-10-30,EB06,Island View Terminal,Tanker Services Fuel,218,6.00,1.00320000,218.70,Secondary,TNK-IVT-DIR-2022,2216366.00
2024-09-11,EA33,Alrode,Unitrans Supply Chain Sols,1724,12.84,35.51731200,3709.01,Secondary,UNI-ALR-DIR-2022,2883961.00
2024-10-22,EB21,Waltloo,Makwande,2966,16.73,59.96675100,6533.97,Secondary,MKW-WAO-DIR-2022,2598222.00
2024-10-26,EB39,Klerksdorp,Unitrans Supply Chain Sols,313,7.93,4.11264000,385.57,Secondary,UNI-KPR-DIR-2022,576792.00
2024-08-18,EB21,Waltloo,Makwande,1093,18.43,18.48856600,2607.67,Secondary,MKW-WAO-DIR-2022,2598222.00
2024-10-09,EB08,Ladysmith,Tanker Services Fuel,360,17.26,8.66096000,887.03,Secondary,TNK-LAY-DIR-2022,474936.00
2024-08-16,EA33,Alrode,Unitrans Supply Chain Sols,2639,13.54,60.83596800,5836.52,Secondary,UNI-ALR-DIR-2022,2883961.00
2024-09-09,EA33,Alrode,Unitrans Supply Chain Sols,561,4.55,4.72608000,513.73,Secondary,UNI-ALR-DIR-2022,2883961.00
2024-09-07,EA33,Alrode,Unitrans Supply Chain Sols,4520,9.82,56.02348800,6113.31,Secondary,UNI-ALR-DIR-2022,2883961.00
2024-08-18,EA35,Bethlehem,Unitrans Supply Chain Sols,400,3.74,1.29427200,225.60,Secondary,UNI-BLM-DIR-2022,576792.00
2024-09-15,EB44,Witbank,Makwande,21,17.46,2.50201800,52.54,Secondary,MKW-WIT-DIR-2022,1136722.00
2024-08-04,EB39,Klerksdorp,Unitrans Supply Chain Sols,504,22.21,19.18944000,2476.78,Secondary,UNI-KPR-DIR-2022,576792.00
2024-08-15,EB21,Waltloo,Makwande,2614,16.93,36.39820000,4029.32,Secondary,MKW-WAO-DIR-2022,2598222.00
2024-09-21,EB08,Ladysmith,Tanker Services Fuel,348,7.23,3.62656800,311.75,Secondary,TNK-LAY-DIR-2022,474936.00
2024-08-13,EB06,Island View Terminal,Tanker Services Fuel,2282,16.52,27.62478400,4145.51,Secondary,TNK-IVT-DIR-2022,2216366.00
2024-10-28,EB44,Witbank,Makwande,971,13.49,9.66988400,1176.37,Secondary,MKW-WIT-DIR-2022,1136722.00
2024-10-26,EB08,Ladysmith,Tanker Services Fuel,678,7.73,3.88071200,677.65,Secondary,TNK-LAY-DIR-2022,474936.00
2024-09-16,EB06,Island View Terminal,Tanker Services Fuel,809,11.70,9.78621600,2281.55,Secondary,TNK-IVT-DIR-2022,2216366.00
2024-08-14,EB06,Island View Terminal,Tanker Services Fuel,1086,20.68,27.66156800,3286.27,Secondary,TNK-IVT-DIR-2022,2216366.00
2024-09-06,EA35,Bethlehem,Unitrans Supply Chain Sols,909,8.18,2.82873600,1399.03,Secondary,UNI-BLM-DIR-2022,576792.00
2024-10-21,EA33,Alrode,Unitrans Supply Chain Sols,2148,5.60,16.46956800,2240.65,Secondary,UNI-ALR-DIR-2022,2883961.00
2024-10-11,EB39,Klerksdorp,Unitrans Supply Chain Sols,438,4.27,2.21529600,310.12,Secondary,UNI-KPR-DIR-2022,576792.00
2024-08-03,EB06,Island View Terminal,Tanker Services Fuel,1842,25.74,43.05232800,9404.89,Secondary,TNK-IVT-DIR-2022,2216366.00
2024-10-09,EA33,Alrode,Unitrans Supply Chain Sols,1545,7.00,12.10291200,1132.55,Secondary,UNI-ALR-DIR-2022,2883961.00
2024-08-04,EA35,Bethlehem,Unitrans Supply Chain Sols,226,11.40,5.91321600,373.89,Secondary,UNI-BLM-DIR-2022,576792.00
2024-08-19,EB06,Island View Terminal,Tanker Services Fuel,490,11.41,9.54043200,744.85,Secondary,TNK-IVT-DIR-2022,2216366.00
2024-10-07,EB06,Island View Terminal,Tanker Services Fuel,199,23.65,11.86451200,641.75,Secondary,TNK-IVT-DIR-2022,2216366.00
2024-08-06,EB06,Island View Terminal,Tanker Services Fuel,569,18.98,19.04408000,1305.21,Secondary,TNK-IVT-DIR-2022,2216366.00
2024-10-12,EB21,Waltloo,Makwande,2568,21.10,36.29789000,5507.63,Secondary,MKW-WAO-DIR-2022,2598222.00
2024-09-21,EB21,Waltloo,Makwande,1358,13.12,20.69252000,2442.45,Secondary,MKW-WAO-DIR-2022,2598222.00
2024-10-11,EB21,Waltloo,Makwande,2116,17.61,30.28932100,5866.98,Secondary,MKW-WAO-DIR-2022,2598222.00
2024-10-06,EB39,Klerksdorp,Unitrans Supply Chain Sols,213,18.24,6.30547200,520.11,Secondary,UNI-KPR-DIR-2022,576792.00
2024-10-06,EB44,Witbank,Makwande,309,8.71,2.49771900,496.88,Secondary,MKW-WIT-DIR-2022,1136722.00
2024-09-27,EA35,Bethlehem,Unitrans Supply Chain Sols,522,22.32,3.85689600,2013.30,Secondary,UNI-BLM-DIR-2022,576792.00
2024-08-18,EB39,Klerksdorp,Unitrans Supply Chain Sols,470,15.41,10.65657600,1310.53,Secondary,UNI-KPR-DIR-2022,576792.00
2024-09-14,EB08,Ladysmith,Tanker Services Fuel,105,4.17,0.69722400,73.21,Secondary,TNK-LAY-DIR-2022,474936.00
2024-08-29,EB39,Klerksdorp,Unitrans Supply Chain Sols,180,15.31,5.29286400,481.76,Secondary,UNI-KPR-DIR-2022,576792.00
2024-08-29,EB16,Natref,Maphalakarabo,262,15.40,1.53384000,401.87,Primary,MPK-VEN-DIR-1,463324.00
2024-10-18,EA33,Alrode,Unitrans Supply Chain Sols,694,11.28,11.70028800,1111.78,Secondary,UNI-ALR-DIR-2022,2883961.00
2024-08-02,EB08,Ladysmith,Tanker Services Fuel,474,3.97,2.65513600,122.80,Secondary,TNK-LAY-DIR-2022,474936.00
2024-09-05,EB16,Natref,Maphalakarabo,508,14.49,2.88640800,733.14,Primary,MPK-VEN-DIR-1,463324.00
2024-10-15,EB39,Klerksdorp,Unitrans Supply Chain Sols,896,12.17,6.31238400,2007.42,Secondary,UNI-KPR-DIR-2022,576792.00
2024-10-04,EB39,Klerksdorp,Unitrans Supply Chain Sols,564,1.88,0.97459200,172.81,Secondary,UNI-KPR-DIR-2022,576792.00
2024-10-24,EB21,Waltloo,Makwande,2855,13.38,34.51810400,5129.54,Secondary,MKW-WAO-DIR-2022,2598222.00
2024-08-09,EA33,Alrode,Unitrans Supply Chain Sols,4461,9.38,42.18220800,10509.19,Secondary,UNI-ALR-DIR-2022,2883961.00
2024-09-10,EB21,Waltloo,Makwande,4625,17.65,65.76323600,8497.22,Secondary,MKW-WAO-DIR-2022,2598222.00
2024-10-24,EA35,Bethlehem,Unitrans Supply Chain Sols,442,8.07,5.57798400,660.35,Secondary,UNI-BLM-DIR-2022,576792.00
2024-10-27,EA33,Alrode,Unitrans Supply Chain Sols,2915,11.15,48.19392000,4781.78,Secondary,UNI-ALR-DIR-2022,2883961.00
2024-10-29,EA35,Bethlehem,Unitrans Supply Chain Sols,1141,3.60,3.11385600,763.50,Secondary,UNI-BLM-DIR-2022,576792.00
2024-08-20,EB08,Ladysmith,Tanker Services Fuel,446,16.78,14.02975200,620.68,Secondary,TNK-LAY-DIR-2022,474936.00
2024-08-23,EB06,Island View Terminal,Tanker Services Fuel,963,7.50,8.78636000,1576.81,Secondary,TNK-IVT-DIR-2022,2216366.00
2024-09-26,EB39,Klerksdorp,Unitrans Supply Chain Sols,176,6.44,2.22739200,186.44,Secondary,UNI-KPR-DIR-2022,576792.00
2024-09-28,EB39,Klerksdorp,Unitrans Supply Chain Sols,883,16.99,8.80761600,2697.71,Secondary,UNI-KPR-DIR-2022,576792.00
2024-10-16,EB08,Ladysmith,Tanker Services Fuel,794,9.32,6.23656000,1251.98,Secondary,TNK-LAY-DIR-2022,474936.00
2024-09-05,EB08,Ladysmith,Tanker Services Fuel,359,1.72,0.86275200,102.11,Secondary,TNK-LAY-DIR-2022,474936.00
2024-08-01,EB21,Waltloo,Makwande,1312,10.22,16.11408500,1157.11,Secondary,MKW-WAO-DIR-2022,2598222.00
2024-08-03,EA33,Alrode,Unitrans Supply Chain Sols,3325,8.68,42.04051200,4863.86,Secondary,UNI-ALR-DIR-2022,2883961.00
2024-08-08,EA33,Alrode,Unitrans Supply Chain Sols,2007,9.52,26.33299200,3156.22,Secondary,UNI-ALR-DIR-2022,2883961.00
2024-08-29,EA33,Alrode,Unitrans Supply Chain Sols,2703,11.13,30.78604800,5517.88,Secondary,UNI-ALR-DIR-2022,2883961.00
2024-09-29,EB21,Waltloo,Makwande,1069,18.22,23.49976700,1870.77,Secondary,MKW-WAO-DIR-2022,2598222.00
2024-08-01,EB05,East London,Tanker Services Fuel,733,8.76,2.93101600,1105.38,Secondary,TNK-ESL-DIR-2022,791559.00
2024-08-12,EB06,Island View Terminal,Tanker Services Fuel,896,6.09,6.11116000,1062.59,Secondary,TNK-IVT-DIR-2022,2216366.00
2024-10-15,EB06,Island View Terminal,Tanker Services Fuel,939,19.51,26.09657600,2296.01,Secondary,TNK-IVT-DIR-2022,2216366.00
2024-09-22,EA33,Alrode,Unitrans Supply Chain Sols,1021,9.61,11.62944000,1751.76,Secondary,UNI-ALR-DIR-2022,2883961.00
2024-08-25,EA33,Alrode,Unitrans Supply Chain Sols,1189,14.91,30.93292800,2789.34,Secondary,UNI-ALR-DIR-2022,2883961.00
2024-09-22,EA35,Bethlehem,Unitrans Supply Chain Sols,198,3.84,1.32883200,116.94,Secondary,UNI-BLM-DIR-2022,576792.00
2024-09-12,EB43,Port Elizabeth,Tanker Services Fuel,680,4.67,0.78082400,530.96,Secondary,TNK-PE-DIR-2022,474936.00
2024-10-29,EB21,Waltloo,Makwande,3069,14.78,36.02848600,7192.26,Secondary,MKW-WAO-DIR-2022,2598222.00
2024-09-17,EB06,Island View Terminal,Tanker Services Fuel,1061,8.76,7.32837600,1575.40,Secondary,TNK-IVT-DIR-2022,2216366.00
2024-08-10,EB44,Witbank,Makwande,1036,10.23,4.40074300,1921.44,Secondary,MKW-WIT-DIR-2022,1136722.00
2024-09-18,EB06,Island View Terminal,Tanker Services Fuel,1284,16.63,22.24596000,3173.49,Secondary,TNK-IVT-DIR-2022,2216366.00
2024-08-17,EA35,Bethlehem,Unitrans Supply Chain Sols,1003,26.97,23.30899200,6042.25,Secondary,UNI-BLM-DIR-2022,576792.00
2024-08-21,EA33,Alrode,Unitrans Supply Chain Sols,2373,14.29,44.47180800,4610.99,Secondary,UNI-ALR-DIR-2022,2883961.00
2024-10-10,EB39,Klerksdorp,Unitrans Supply Chain Sols,205,12.18,4.21113600,315.33,Secondary,UNI-KPR-DIR-2022,576792.00
2024-09-05,EB06,Island View Terminal,Tanker Services Fuel,2954,13.99,44.44343200,7171.53,Secondary,TNK-IVT-DIR-2022,2216366.00
2024-08-20,EB39,Klerksdorp,Unitrans Supply Chain Sols,210,6.91,2.38982400,276.21,Secondary,UNI-KPR-DIR-2022,576792.00
2024-08-05,EB39,Klerksdorp,Unitrans Supply Chain Sols,211,3.89,1.34438400,136.40,Secondary,UNI-KPR-DIR-2022,576792.00
2024-08-04,EA33,Alrode,Unitrans Supply Chain Sols,1784,14.18,44.12102400,5107.61,Secondary,UNI-ALR-DIR-2022,2883961.00
2024-10-28,EB39,Klerksdorp,Unitrans Supply Chain Sols,289,21.65,7.48396800,1320.06,Secondary,UNI-KPR-DIR-2022,576792.00
2024-10-21,EB08,Ladysmith,Tanker Services Fuel,766,12.60,6.32350400,1748.48,Secondary,TNK-LAY-DIR-2022,474936.00
2024-10-05,EB08,Ladysmith,Tanker Services Fuel,381,6.65,1.11188000,423.63,Secondary,TNK-LAY-DIR-2022,474936.00
2024-10-14,EB21,Waltloo,Makwande,1303,9.46,14.91466400,1717.79,Secondary,MKW-WAO-DIR-2022,2598222.00
2024-10-05,EB06,Island View Terminal,Tanker Services Fuel,963,5.84,6.83513600,1098.70,Secondary,TNK-IVT-DIR-2022,2216366.00
2024-09-28,EB21,Waltloo,Makwande,1985,14.38,28.86635200,3873.15,Secondary,MKW-WAO-DIR-2022,2598222.00
2024-09-07,EA35,Bethlehem,Unitrans Supply Chain Sols,1132,4.78,3.30393600,1293.11,Secondary,UNI-BLM-DIR-2022,576792.00
2024-09-16,EA35,Bethlehem,Unitrans Supply Chain Sols,275,1.49,0.25747200,70.80,Secondary,UNI-BLM-DIR-2022,576792.00
2024-10-20,EB21,Waltloo,Makwande,46,18.36,2.63098800,121.03,Secondary,MKW-WAO-DIR-2022,2598222.00
2024-10-23,EB05,East London,Tanker Services Fuel,153,7.24,1.21052800,185.21,Secondary,TNK-ESL-DIR-2022,791559.00
2024-10-03,EB06,Island View Terminal,Tanker Services Fuel,602,16.79,5.61624800,2052.15,Secondary,TNK-IVT-DIR-2022,2216366.00
2024-10-06,EA33,Alrode,Unitrans Supply Chain Sols,2048,8.87,19.94284800,2374.81,Secondary,UNI-ALR-DIR-2022,2883961.00
2024-10-29,EB39,Klerksdorp,Unitrans Supply Chain Sols,253,10.43,3.60633600,454.87,Secondary,UNI-KPR-DIR-2022,576792.00
2024-08-17,EB39,Klerksdorp,Unitrans Supply Chain Sols,457,5.66,3.91219200,436.71,Secondary,UNI-KPR-DIR-2022,576792.00
2024-09-05,EB39,Klerksdorp,Unitrans Supply Chain Sols,467,5.25,2.72160000,725.52,Secondary,UNI-KPR-DIR-2022,576792.00
2024-09-11,EB39,Klerksdorp,Unitrans Supply Chain Sols,343,18.47,9.57830400,1134.95,Secondary,UNI-KPR-DIR-2022,576792.00
2024-09-24,EA33,Alrode,Unitrans Supply Chain Sols,2268,8.85,26.01849600,3393.52,Secondary,UNI-ALR-DIR-2022,2883961.00
2024-10-02,EA33,Alrode,Unitrans Supply Chain Sols,1505,12.25,31.77100800,3061.41,Secondary,UNI-ALR-DIR-2022,2883961.00
2024-10-08,EA33,Alrode,Unitrans Supply Chain Sols,2180,8.50,20.56492800,2331.04,Secondary,UNI-ALR-DIR-2022,2883961.00
2024-08-21,EB21,Waltloo,Makwande,2997,17.98,69.58218100,6231.34,Secondary,MKW-WAO-DIR-2022,2598222.00
2024-08-19,EA33,Alrode,Unitrans Supply Chain Sols,2862,13.94,53.02195200,5840.96,Secondary,UNI-ALR-DIR-2022,2883961.00
2024-10-22,EA33,Alrode,Unitrans Supply Chain Sols,3802,5.64,22.43808000,2920.70,Secondary,UNI-ALR-DIR-2022,2883961.00
2024-08-17,EB05,East London,Tanker Services Fuel,68,13.83,2.31237600,157.24,Secondary,TNK-ESL-DIR-2022,791559.00
2024-09-29,EB39,Klerksdorp,Unitrans Supply Chain Sols,496,7.15,2.47276800,1054.38,Secondary,UNI-KPR-DIR-2022,576792.00
2024-10-14,EA33,Alrode,Unitrans Supply Chain Sols,1073,6.83,10.62547200,1529.37,Secondary,UNI-ALR-DIR-2022,2883961.00
2024-10-27,EB06,Island View Terminal,Tanker Services Fuel,1307,17.05,31.37006400,3307.12,Secondary,TNK-IVT-DIR-2022,2216366.00
2024-09-27,EB06,Island View Terminal,Tanker Services Fuel,646,21.19,14.17688800,3000.49,Secondary,TNK-IVT-DIR-2022,2216366.00
2024-08-26,EB21,Waltloo,Makwande,1532,12.72,18.23492500,2885.23,Secondary,MKW-WAO-DIR-2022,2598222.00
2024-08-26,EA35,Bethlehem,Unitrans Supply Chain Sols,553,1.54,0.79833600,114.92,Secondary,UNI-BLM-DIR-2022,576792.00
2024-09-16,EA33,Alrode,Unitrans Supply Chain Sols,1678,10.15,21.05740800,2629.57,Secondary,UNI-ALR-DIR-2022,2883961.00
2024-09-25,EB21,Waltloo,Makwande,1968,10.40,20.87307800,2825.88,Secondary,MKW-WAO-DIR-2022,2598222.00
2024-09-29,EA33,Alrode,Unitrans Supply Chain Sols,1471,10.04,15.61766400,2742.27,Secondary,UNI-ALR-DIR-2022,2883961.00
2024-10-15,EB08,Ladysmith,Tanker Services Fuel,1262,14.94,12.49652800,3495.49,Secondary,TNK-LAY-DIR-2022,474936.00
2024-08-17,EB21,Waltloo,Makwande,2561,21.32,76.38893100,7714.26,Secondary,MKW-WAO-DIR-2022,2598222.00
2024-10-08,EB39,Klerksdorp,Unitrans Supply Chain Sols,278,3.47,1.19923200,192.04,Secondary,UNI-KPR-DIR-2022,576792.00
2024-08-05,EB08,Ladysmith,Tanker Services Fuel,643,12.00,6.02254400,1335.35,Secondary,TNK-LAY-DIR-2022,474936.00
2024-09-25,EB39,Klerksdorp,Unitrans Supply Chain Sols,498,17.24,11.91628800,1352.83,Secondary,UNI-KPR-DIR-2022,576792.00
2024-10-23,EB21,Waltloo,Makwande,3884,19.76,65.13271600,7535.35,Secondary,MKW-WAO-DIR-2022,2598222.00
2024-08-29,EB06,Island View Terminal,Tanker Services Fuel,603,18.22,9.14082400,1104.76,Secondary,TNK-IVT-DIR-2022,2216366.00
2024-10-03,EB05,East London,Tanker Services Fuel,361,7.22,1.20718400,435.79,Secondary,TNK-ESL-DIR-2022,791559.00
2024-10-26,EB21,Waltloo,Makwande,5307,12.64,54.36658700,9089.45,Secondary,MKW-WAO-DIR-2022,2598222.00
2024-10-24,EB08,Ladysmith,Tanker Services Fuel,367,24.47,12.27415200,130.67,Secondary,TNK-LAY-DIR-2022,474936.00
2024-10-27,EB44,Witbank,Makwande,320,11.30,3.23858000,502.83,Secondary,MKW-WIT-DIR-2022,1136722.00
2024-09-11,EA35,Bethlehem,Unitrans Supply Chain Sols,307,10.25,5.31360000,528.00,Secondary,UNI-BLM-DIR-2022,576792.00
2024-10-04,EB21,Waltloo,Makwande,1122,17.54,17.59437400,2525.87,Secondary,MKW-WAO-DIR-2022,2598222.00
2024-08-10,EA35,Bethlehem,Unitrans Supply Chain Sols,125,3.65,1.26316800,95.80,Secondary,UNI-BLM-DIR-2022,576792.00
2024-10-27,EB39,Klerksdorp,Unitrans Supply Chain Sols,425,9.47,6.54912000,805.46,Secondary,UNI-KPR-DIR-2022,576792.00
2024-09-08,EB08,Ladysmith,Tanker Services Fuel,374,9.09,3.03969600,400.45,Secondary,TNK-LAY-DIR-2022,474936.00
2024-09-11,EB44,Witbank,Makwande,151,8.73,2.50345100,188.12,Secondary,MKW-WIT-DIR-2022,1136722.00
2024-09-19,EB06,Island View Terminal,Tanker Services Fuel,936,19.30,19.37012000,2168.59,Secondary,TNK-IVT-DIR-2022,2216366.00
2024-09-18,EA35,Bethlehem,Unitrans Supply Chain Sols,138,2.48,0.42854400,59.14,Secondary,UNI-BLM-DIR-2022,576792.00
2024-10-11,EB06,Island View Terminal,Tanker Services Fuel,1051,21.05,24.63859200,2692.98,Secondary,TNK-IVT-DIR-2022,2216366.00
2024-10-06,EB06,Island View Terminal,Tanker Services Fuel,899,12.78,12.82591200,2204.43,Secondary,TNK-IVT-DIR-2022,2216366.00
2024-08-21,EB08,Ladysmith,Tanker Services Fuel,813,51.62,25.89259200,6390.55,Secondary,TNK-LAY-DIR-2022,474936.00
2024-10-30,EA33,Alrode,Unitrans Supply Chain Sols,241,10.66,3.68409600,464.27,Secondary,UNI-ALR-DIR-2022,2883961.00
2024-09-20,EA35,Bethlehem,Unitrans Supply Chain Sols,86,1.35,0.23328000,20.06,Secondary,UNI-BLM-DIR-2022,576792.00
2024-10-07,EB39,Klerksdorp,Unitrans Supply Chain Sols,261,14.33,4.95244800,681.87,Secondary,UNI-KPR-DIR-2022,576792.00
2024-08-04,EB06,Island View Terminal,Tanker Services Fuel,380,36.79,18.45553600,2371.41,Secondary,TNK-IVT-DIR-2022,2216366.00
2024-10-17,EA35,Bethlehem,Unitrans Supply Chain Sols,902,18.77,19.46764800,4689.86,Secondary,UNI-BLM-DIR-2022,576792.00
2024-08-09,EB06,Island View Terminal,Tanker Services Fuel,190,6.43,2.15019200,185.21,Secondary,TNK-IVT-DIR-2022,2216366.00
2024-10-01,EB08,Ladysmith,Tanker Services Fuel,687,11.26,5.64801600,1362.09,Secondary,TNK-LAY-DIR-2022,474936.00
2024-10-10,EB21,Waltloo,Makwande,1152,5.93,5.95698100,888.36,Secondary,MKW-WAO-DIR-2022,2598222.00
2024-10-13,EA33,Alrode,Unitrans Supply Chain Sols,1727,8.19,16.99833600,1972.58,Secondary,UNI-ALR-DIR-2022,2883961.00
2024-08-16,EB06,Island View Terminal,Tanker Services Fuel,1459,15.73,28.93061600,2338.98,Secondary,TNK-IVT-DIR-2022,2216366.00
2024-10-24,EB05,East London,Tanker Services Fuel,498,9.60,3.21191200,574.80,Secondary,TNK-ESL-DIR-2022,791559.00
2024-10-27,EA35,Bethlehem,Unitrans Supply Chain Sols,267,7.79,5.38963200,309.29,Secondary,UNI-BLM-DIR-2022,576792.00
2024-09-07,EB06,Island View Terminal,Tanker Services Fuel,1194,9.32,15.59641600,1713.73,Secondary,TNK-IVT-DIR-2022,2216366.00
2024-09-12,EB21,Waltloo,Makwande,2290,14.39,30.93847000,4724.18,Secondary,MKW-WAO-DIR-2022,2598222.00
2024-10-05,EA33,Alrode,Unitrans Supply Chain Sols,2998,8.03,18.05414400,3377.82,Secondary,UNI-ALR-DIR-2022,2883961.00
2024-09-06,EB21,Waltloo,Makwande,3814,9.82,43.66637600,5334.13,Secondary,MKW-WAO-DIR-2022,2598222.00
2024-10-16,EB21,Waltloo,Makwande,3576,14.83,48.90399100,5464.54,Secondary,MKW-WAO-DIR-2022,2598222.00
2024-10-12,EB08,Ladysmith,Tanker Services Fuel,355,10.41,5.22332800,775.86,Secondary,TNK-LAY-DIR-2022,474936.00
2024-09-05,EA33,Alrode,Unitrans Supply Chain Sols,5494,8.75,63.56966400,6179.79,Secondary,UNI-ALR-DIR-2022,2883961.00
2024-09-15,EA33,Alrode,Unitrans Supply Chain Sols,1727,6.66,10.36108800,2198.78,Secondary,UNI-ALR-DIR-2022,2883961.00
2024-08-12,EB39,Klerksdorp,Unitrans Supply Chain Sols,311,10.86,1.87660800,583.63,Secondary,UNI-KPR-DIR-2022,576792.00
2024-08-28,EA33,Alrode,Unitrans Supply Chain Sols,2709,10.96,32.22201600,5811.20,Secondary,UNI-ALR-DIR-2022,2883961.00
2024-10-09,EB06,Island View Terminal,Tanker Services Fuel,713,19.84,19.91184800,2072.15,Secondary,TNK-IVT-DIR-2022,2216366.00
2024-08-05,EB21,Waltloo,Makwande,1769,17.03,48.82804200,4328.51,Secondary,MKW-WAO-DIR-2022,2598222.00
2024-08-22,EB21,Waltloo,Makwande,940,18.90,27.09086500,2237.94,Secondary,MKW-WAO-DIR-2022,2598222.00
2024-10-17,EB39,Klerksdorp,Unitrans Supply Chain Sols,234,13.39,9.25516800,516.48,Secondary,UNI-KPR-DIR-2022,576792.00
2024-08-11,EB21,Waltloo,Makwande,2592,12.92,27.78300400,3887.33,Secondary,MKW-WAO-DIR-2022,2598222.00
2024-09-20,EA33,Alrode,Unitrans Supply Chain Sols,794,12.05,18.74707200,1526.47,Secondary,UNI-ALR-DIR-2022,2883961.00
2024-10-02,EA35,Bethlehem,Unitrans Supply Chain Sols,822,28.13,19.44691200,4181.83,Secondary,UNI-BLM-DIR-2022,576792.00
2024-10-15,EA33,Alrode,Unitrans Supply Chain Sols,1844,12.91,40.16390400,3835.73,Secondary,UNI-ALR-DIR-2022,2883961.00
2024-08-27,EB21,Waltloo,Makwande,2629,16.29,32.68673000,5275.81,Secondary,MKW-WAO-DIR-2022,2598222.00
2024-09-18,EA33,Alrode,Unitrans Supply Chain Sols,2452,12.40,32.15462400,5024.86,Secondary,UNI-ALR-DIR-2022,2883961.00
2024-10-02,EB06,Island View Terminal,Tanker Services Fuel,656,9.02,7.54573600,1493.54,Secondary,TNK-IVT-DIR-2022,2216366.00
2024-10-25,EB21,Waltloo,Makwande,3922,14.56,50.09768000,7377.19,Secondary,MKW-WAO-DIR-2022,2598222.00
2024-09-17,EA33,Alrode,Unitrans Supply Chain Sols,938,8.37,11.58278400,1795.89,Secondary,UNI-ALR-DIR-2022,2883961.00
2024-08-10,EB21,Waltloo,Makwande,3077,10.43,23.91390400,4845.98,Secondary,MKW-WAO-DIR-2022,2598222.00
2024-08-27,EB39,Klerksdorp,Unitrans Supply Chain Sols,377,17.89,9.27417600,853.75,Secondary,UNI-KPR-DIR-2022,576792.00
2024-09-22,EB21,Waltloo,Makwande,1955,10.31,20.69108700,2726.02,Secondary,MKW-WAO-DIR-2022,2598222.00
2024-08-16,EB44,Witbank,Makwande,421,21.52,9.25288100,905.78,Secondary,MKW-WIT-DIR-2022,1136722.00
2024-09-07,EB39,Klerksdorp,Unitrans Supply Chain Sols,482,23.96,20.70316800,1283.12,Secondary,UNI-KPR-DIR-2022,576792.00
2024-10-18,EB21,Waltloo,Makwande,1462,14.78,25.42571900,2814.70,Secondary,MKW-WAO-DIR-2022,2598222.00
2024-09-16,EB39,Klerksdorp,Unitrans Supply Chain Sols,61,12.74,2.20147200,134.29,Secondary,UNI-KPR-DIR-2022,576792.00
2024-08-05,EB05,East London,Tanker Services Fuel,580,4.76,2.38761600,152.55,Secondary,TNK-ESL-DIR-2022,791559.00
2024-08-07,EA33,Alrode,Unitrans Supply Chain Sols,1470,18.65,38.67955200,4332.56,Secondary,UNI-ALR-DIR-2022,2883961.00
2024-10-14,EA35,Bethlehem,Unitrans Supply Chain Sols,566,9.96,5.16672000,759.36,Secondary,UNI-BLM-DIR-2022,576792.00
2024-08-19,EB39,Klerksdorp,Unitrans Supply Chain Sols,218,6.81,2.35526400,232.74,Secondary,UNI-KPR-DIR-2022,576792.00
2024-08-06,EA35,Bethlehem,Unitrans Supply Chain Sols,1457,10.26,14.18342400,1803.82,Secondary,UNI-BLM-DIR-2022,576792.00
2024-08-06,EB44,Witbank,Makwande,509,14.89,6.40407700,520.46,Secondary,MKW-WIT-DIR-2022,1136722.00
2024-08-06,EB05,East London,Tanker Services Fuel,22,65.88,11.01513600,242.33,Secondary,TNK-ESL-DIR-2022,791559.00
2024-09-09,EB06,Island View Terminal,Tanker Services Fuel,200,3.32,0.55510400,111.02,Secondary,TNK-IVT-DIR-2022,2216366.00
2024-10-21,EB06,Island View Terminal,Tanker Services Fuel,1263,12.10,16.18997600,2365.50,Secondary,TNK-IVT-DIR-2022,2216366.00
2024-08-03,EB08,Ladysmith,Tanker Services Fuel,466,5.77,1.92948800,480.23,Secondary,TNK-LAY-DIR-2022,474936.00
2024-08-08,EA35,Bethlehem,Unitrans Supply Chain Sols,537,2.82,1.46361600,337.35,Secondary,UNI-BLM-DIR-2022,576792.00
2024-10-21,EB44,Witbank,Makwande,255,5.58,0.79961400,203.90,Secondary,MKW-WIT-DIR-2022,1136722.00
2024-10-25,EB44,Witbank,Makwande,246,15.02,2.15236600,529.48,Secondary,MKW-WIT-DIR-2022,1136722.00
2024-08-19,EB16,Natref,Maphalakarabo,262,15.36,1.52985600,400.82,Primary,MPK-VEN-DIR-1,463324.00
2024-08-14,EB08,Ladysmith,Tanker Services Fuel,517,18.55,6.20312000,1798.34,Secondary,TNK-LAY-DIR-2022,474936.00
2024-09-13,EA35,Bethlehem,Unitrans Supply Chain Sols,576,39.54,13.66502400,3656.16,Secondary,UNI-BLM-DIR-2022,576792.00
2024-09-21,EB05,East London,Tanker Services Fuel,298,2.57,0.42970400,128.05,Secondary,TNK-ESL-DIR-2022,791559.00
2024-08-01,EA35,Bethlehem,Unitrans Supply Chain Sols,87,7.43,1.28390400,111.70,Secondary,UNI-BLM-DIR-2022,576792.00
2024-10-10,EB08,Ladysmith,Tanker Services Fuel,1253,9.35,6.25328000,2352.21,Secondary,TNK-LAY-DIR-2022,474936.00
2024-10-21,EA35,Bethlehem,Unitrans Supply Chain Sols,69,16.37,2.82873600,195.18,Secondary,UNI-BLM-DIR-2022,576792.00
2024-08-23,EB08,Ladysmith,Tanker Services Fuel,92,2.50,0.41800000,38.46,Secondary,TNK-LAY-DIR-2022,474936.00
2024-10-13,EB06,Island View Terminal,Tanker Services Fuel,982,5.12,3.42760000,826.83,Secondary,TNK-IVT-DIR-2022,2216366.00
2024-08-27,EB08,Ladysmith,Tanker Services Fuel,351,13.89,4.64648800,765.45,Secondary,TNK-LAY-DIR-2022,474936.00
2024-10-25,EB39,Klerksdorp,Unitrans Supply Chain Sols,260,3.56,1.23033600,174.81,Secondary,UNI-KPR-DIR-2022,576792.00
2024-09-08,EB39,Klerksdorp,Unitrans Supply Chain Sols,748,15.06,10.41465600,764.90,Secondary,UNI-KPR-DIR-2022,576792.00
2024-09-08,EA35,Bethlehem,Unitrans Supply Chain Sols,100,10.87,1.87833600,187.83,Secondary,UNI-BLM-DIR-2022,576792.00
2024-09-14,EB06,Island View Terminal,Tanker Services Fuel,398,26.68,8.92179200,815.16,Secondary,TNK-IVT-DIR-2022,2216366.00
2024-09-14,EB44,Witbank,Makwande,1090,11.68,3.34892100,1757.91,Secondary,MKW-WIT-DIR-2022,1136722.00
2024-09-19,EB39,Klerksdorp,Unitrans Supply Chain Sols,118,15.77,5.45184000,434.42,Secondary,UNI-KPR-DIR-2022,576792.00
2024-08-28,EB06,Island View Terminal,Tanker Services Fuel,423,27.45,9.18095200,1187.43,Secondary,TNK-IVT-DIR-2022,2216366.00
2024-09-20,EB39,Klerksdorp,Unitrans Supply Chain Sols,74,12.11,4.18694400,211.40,Secondary,UNI-KPR-DIR-2022,576792.00
2024-08-06,EB08,Ladysmith,Tanker Services Fuel,819,8.39,4.21009600,1148.00,Secondary,TNK-LAY-DIR-2022,474936.00
2024-09-12,EB08,Ladysmith,Tanker Services Fuel,532,8.15,2.72536000,704.38,Secondary,TNK-LAY-DIR-2022,474936.00
2024-10-28,EA35,Bethlehem,Unitrans Supply Chain Sols,127,14.13,4.88332800,311.70,Secondary,UNI-BLM-DIR-2022,576792.00
2024-08-02,EB44,Witbank,Makwande,209,29.75,4.26317500,891.00,Secondary,MKW-WIT-DIR-2022,1136722.00
2024-10-26,EB44,Witbank,Makwande,330,8.01,1.14783300,378.78,Secondary,MKW-WIT-DIR-2022,1136722.00
2024-10-17,EB08,Ladysmith,Tanker Services Fuel,630,10.43,3.48779200,1098.66,Secondary,TNK-LAY-DIR-2022,474936.00
2024-09-19,EB08,Ladysmith,Tanker Services Fuel,218,2.03,0.33941600,73.99,Secondary,TNK-LAY-DIR-2022,474936.00
2024-08-22,EB08,Ladysmith,Tanker Services Fuel,253,0.00,0.00000000,0.00,Secondary,TNK-LAY-DIR-2022,474936.00
2024-09-11,EB16,Natref,Maphalakarabo,267,15.25,1.51890000,405.55,Primary,MPK-VEN-DIR-1,463324.00
2024-09-20,EB06,Island View Terminal,Tanker Services Fuel,590,9.67,3.23364800,985.75,Secondary,TNK-IVT-DIR-2022,2216366.00
2024-10-09,EB44,Witbank,Makwande,234,1.95,0.27943500,65.39,Secondary,MKW-WIT-DIR-2022,1136722.00
2024-09-28,EB05,East London,Tanker Services Fuel,411,7.77,1.29914400,533.95,Secondary,TNK-ESL-DIR-2022,791559.00
2024-10-11,EB08,Ladysmith,Tanker Services Fuel,250,9.14,1.52820800,382.05,Secondary,TNK-LAY-DIR-2022,474936.00
2024-10-16,EB43,Port Elizabeth,Tanker Services Fuel,692,43.33,14.48955200,5013.38,Secondary,TNK-PE-DIR-2022,474936.00
2024-08-23,EB44,Witbank,Makwande,20,49.88,7.14780400,142.96,Secondary,MKW-WIT-DIR-2022,1136722.00
2024-08-26,EB08,Ladysmith,Tanker Services Fuel,228,33.15,11.08536000,700.68,Secondary,TNK-LAY-DIR-2022,474936.00
2024-08-09,EB08,Ladysmith,Tanker Services Fuel,317,12.95,2.16524000,686.38,Secondary,TNK-LAY-DIR-2022,474936.00
2024-10-03,EB21,Waltloo,Makwande,946,7.62,7.64648800,798.53,Secondary,MKW-WAO-DIR-2022,2598222.00
2024-09-22,EB44,Witbank,Makwande,239,8.00,1.14640000,273.99,Secondary,MKW-WIT-DIR-2022,1136722.00
2024-10-05,EB44,Witbank,Makwande,276,1.87,0.26797100,73.96,Secondary,MKW-WIT-DIR-2022,1136722.00
2024-08-04,EB44,Witbank,Makwande,55,12.43,1.78121900,97.97,Secondary,MKW-WIT-DIR-2022,1136722.00
2024-10-25,EB08,Ladysmith,Tanker Services Fuel,650,30.01,15.05636000,1764.68,Secondary,TNK-LAY-DIR-2022,474936.00
2024-09-30,EA35,Bethlehem,Unitrans Supply Chain Sols,1115,19.55,10.13472000,3826.40,Secondary,UNI-BLM-DIR-2022,576792.00
2024-10-26,EB05,East London,Tanker Services Fuel,147,6.70,1.12024000,164.68,Secondary,TNK-ESL-DIR-2022,791559.00
2024-10-23,EB44,Witbank,Makwande,247,4.68,0.67064400,165.65,Secondary,MKW-WIT-DIR-2022,1136722.00
2024-09-21,EA35,Bethlehem,Unitrans Supply Chain Sols,132,6.66,1.15084800,151.91,Secondary,UNI-BLM-DIR-2022,576792.00
2024-09-25,EB44,Witbank,Makwande,41,63.00,9.02790000,370.14,Secondary,MKW-WIT-DIR-2022,1136722.00
2024-10-08,EA35,Bethlehem,Unitrans Supply Chain Sols,533,0.25,0.04320000,23.03,Secondary,UNI-BLM-DIR-2022,576792.00
2024-08-02,EB39,Klerksdorp,Unitrans Supply Chain Sols,180,13.97,2.41401600,434.52,Secondary,UNI-KPR-DIR-2022,576792.00
2024-09-13,EB21,Waltloo,Makwande,1412,19.37,22.20720100,3127.60,Secondary,MKW-WAO-DIR-2022,2598222.00
2024-08-06,EB39,Klerksdorp,Unitrans Supply Chain Sols,1050,19.20,26.54726400,2798.02,Secondary,UNI-KPR-DIR-2022,576792.00
2024-08-03,EB39,Klerksdorp,Unitrans Supply Chain Sols,323,33.91,11.72102400,2651.79,Secondary,UNI-KPR-DIR-2022,576792.00
2024-09-10,EB06,Island View Terminal,Tanker Services Fuel,814,12.09,10.10891200,1835.92,Secondary,TNK-IVT-DIR-2022,2216366.00
2024-08-05,EB44,Witbank,Makwande,181,21.10,9.07375600,286.07,Secondary,MKW-WIT-DIR-2022,1136722.00
2024-08-16,EB39,Klerksdorp,Unitrans Supply Chain Sols,399,11.35,7.85030400,882.91,Secondary,UNI-KPR-DIR-2022,576792.00
2024-09-15,EB08,Ladysmith,Tanker Services Fuel,199,6.01,2.00974400,225.73,Secondary,TNK-LAY-DIR-2022,474936.00
2024-10-17,EB06,Island View Terminal,Tanker Services Fuel,1454,7.02,7.04580800,1493.42,Secondary,TNK-IVT-DIR-2022,2216366.00
2024-09-11,EB06,Island View Terminal,Tanker Services Fuel,404,5.41,3.62155200,373.59,Secondary,TNK-IVT-DIR-2022,2216366.00
2024-08-27,EB44,Witbank,Makwande,537,15.50,4.44373300,1192.09,Secondary,MKW-WIT-DIR-2022,1136722.00
2024-08-03,EA35,Bethlehem,Unitrans Supply Chain Sols,228,9.34,4.84531200,319.21,Secondary,UNI-BLM-DIR-2022,576792.00
2024-08-25,EA35,Bethlehem,Unitrans Supply Chain Sols,310,4.36,0.75340800,233.56,Secondary,UNI-BLM-DIR-2022,576792.00
2024-09-12,EA35,Bethlehem,Unitrans Supply Chain Sols,267,22.63,3.91046400,1044.09,Secondary,UNI-BLM-DIR-2022,576792.00
2024-08-25,EB21,Waltloo,Makwande,714,21.74,15.57814300,2071.74,Secondary,MKW-WAO-DIR-2022,2598222.00
2024-10-17,EB44,Witbank,Makwande,896,1.16,0.33245600,148.94,Secondary,MKW-WIT-DIR-2022,1136722.00
2024-09-30,EB39,Klerksdorp,Unitrans Supply Chain Sols,77,0.00,0.00000000,0.00,Secondary,UNI-KPR-DIR-2022,576792.00
2024-09-07,EB44,Witbank,Makwande,178,15.42,2.20968600,393.32,Secondary,MKW-WIT-DIR-2022,1136722.00
2024-08-25,EB39,Klerksdorp,Unitrans Supply Chain Sols,63,5.08,0.87782400,55.30,Secondary,UNI-KPR-DIR-2022,576792.00
2024-10-14,EB05,East London,Tanker Services Fuel,628,63.52,21.24108800,6669.70,Secondary,TNK-ESL-DIR-2022,791559.00
2024-10-22,EB05,East London,Tanker Services Fuel,411,2.96,0.49491200,203.41,Secondary,TNK-ESL-DIR-2022,791559.00
2024-08-10,EA33,Alrode,Unitrans Supply Chain Sols,1802,8.63,32.83545600,2912.24,Secondary,UNI-ALR-DIR-2022,2883961.00
2024-08-19,EB21,Waltloo,Makwande,2282,15.89,43.28806400,3817.46,Secondary,MKW-WAO-DIR-2022,2598222.00
2024-09-10,EB39,Klerksdorp,Unitrans Supply Chain Sols,587,17.05,11.78496000,1849.76,Secondary,UNI-KPR-DIR-2022,576792.00
2024-09-07,EB21,Waltloo,Makwande,3201,18.43,50.20085600,8302.50,Secondary,MKW-WAO-DIR-2022,2598222.00
2024-09-12,EB06,Island View Terminal,Tanker Services Fuel,2272,11.76,23.60195200,5688.15,Secondary,TNK-IVT-DIR-2022,2216366.00
2024-09-21,EA33,Alrode,Unitrans Supply Chain Sols,1103,7.44,11.58278400,1267.57,Secondary,UNI-ALR-DIR-2022,2883961.00
2024-09-29,EA35,Bethlehem,Unitrans Supply Chain Sols,175,4.35,1.50336000,152.01,Secondary,UNI-BLM-DIR-2022,576792.00
2024-10-02,EB08,Ladysmith,Tanker Services Fuel,671,7.79,3.90746400,996.08,Secondary,TNK-LAY-DIR-2022,474936.00
2024-10-14,EB39,Klerksdorp,Unitrans Supply Chain Sols,625,11.72,4.05043200,1279.42,Secondary,UNI-KPR-DIR-2022,576792.00
2024-08-23,EB39,Klerksdorp,Unitrans Supply Chain Sols,331,14.09,9.74419200,751.62,Secondary,UNI-KPR-DIR-2022,576792.00
2024-09-04,EA33,Alrode,Unitrans Supply Chain Sols,1155,3.18,8.26156800,749.16,Secondary,UNI-ALR-DIR-2022,2883961.00
2024-09-28,EA33,Alrode,Unitrans Supply Chain Sols,2771,9.13,22.08729600,3244.05,Secondary,UNI-ALR-DIR-2022,2883961.00
2024-10-09,EB05,East London,Tanker Services Fuel,91,4.69,0.78416800,71.36,Secondary,TNK-ESL-DIR-2022,791559.00
2024-10-02,EB21,Waltloo,Makwande,2009,15.10,28.13265600,3575.36,Secondary,MKW-WAO-DIR-2022,2598222.00
2024-10-29,EB44,Witbank,Makwande,550,17.75,7.63072500,1951.99,Secondary,MKW-WIT-DIR-2022,1136722.00
2024-08-20,EB21,Waltloo,Makwande,3354,14.21,59.06396100,6065.15,Secondary,MKW-WAO-DIR-2022,2598222.00
2024-08-23,EB21,Waltloo,Makwande,2565,14.34,39.04781700,6533.97,Secondary,MKW-WAO-DIR-2022,2598222.00
2024-10-28,EB21,Waltloo,Makwande,2831,10.75,38.52333900,4454.62,Secondary,MKW-WAO-DIR-2022,2598222.00
2024-09-30,EB08,Ladysmith,Tanker Services Fuel,144,19.53,6.53250400,438.57,Secondary,TNK-LAY-DIR-2022,474936.00
2024-10-29,EB05,East London,Tanker Services Fuel,29,9.70,1.62184000,47.03,Secondary,TNK-ESL-DIR-2022,791559.00
2024-09-10,EA33,Alrode,Unitrans Supply Chain Sols,2444,6.73,24.43392000,3218.08,Secondary,UNI-ALR-DIR-2022,2883961.00
2024-10-24,EA33,Alrode,Unitrans Supply Chain Sols,3002,12.85,48.86438400,5531.26,Secondary,UNI-ALR-DIR-2022,2883961.00
2024-10-28,EA33,Alrode,Unitrans Supply Chain Sols,3388,9.87,49.47955200,5774.40,Secondary,UNI-ALR-DIR-2022,2883961.00
2024-09-30,EA33,Alrode,Unitrans Supply Chain Sols,1532,8.38,20.28672000,1983.74,Secondary,UNI-ALR-DIR-2022,2883961.00
2024-10-01,EA33,Alrode,Unitrans Supply Chain Sols,1378,6.37,11.01254400,2081.17,Secondary,UNI-ALR-DIR-2022,2883961.00
2024-08-08,EB08,Ladysmith,Tanker Services Fuel,807,8.82,7.38020800,1344.49,Secondary,TNK-LAY-DIR-2022,474936.00
2024-10-07,EA33,Alrode,Unitrans Supply Chain Sols,1179,7.80,17.53747200,1663.14,Secondary,UNI-ALR-DIR-2022,2883961.00
2024-10-21,EB21,Waltloo,Makwande,1362,12.28,17.60583800,3192.95,Secondary,MKW-WAO-DIR-2022,2598222.00
2024-10-29,EA33,Alrode,Unitrans Supply Chain Sols,2771,12.82,55.38758400,5165.81,Secondary,UNI-ALR-DIR-2022,2883961.00
2024-09-11,EB21,Waltloo,Makwande,814,26.71,30.62464300,4437.29,Secondary,MKW-WAO-DIR-2022,2598222.00
2024-10-17,EA33,Alrode,Unitrans Supply Chain Sols,2030,6.79,16.44019200,1938.62,Secondary,UNI-ALR-DIR-2022,2883961.00
2024-08-16,EB21,Waltloo,Makwande,3221,20.00,60.19603100,9301.43,Secondary,MKW-WAO-DIR-2022,2598222.00
2024-09-06,EB06,Island View Terminal,Tanker Services Fuel,1382,11.24,16.91729600,1853.23,Secondary,TNK-IVT-DIR-2022,2216366.00
2024-10-22,EB39,Klerksdorp,Unitrans Supply Chain Sols,578,18.97,13.11206400,2054.75,Secondary,UNI-KPR-DIR-2022,576792.00
2024-08-22,EB06,Island View Terminal,Tanker Services Fuel,2034,16.57,41.57929600,5315.43,Secondary,TNK-IVT-DIR-2022,2216366.00
2024-09-28,EB08,Ladysmith,Tanker Services Fuel,281,1.76,0.58854400,15.89,Secondary,TNK-LAY-DIR-2022,474936.00
2024-10-09,EB21,Waltloo,Makwande,606,16.61,16.67008900,1069.18,Secondary,MKW-WAO-DIR-2022,2598222.00
2024-09-18,EB39,Klerksdorp,Unitrans Supply Chain Sols,337,3.91,2.03040000,229.48,Secondary,UNI-KPR-DIR-2022,576792.00
2024-08-11,EB06,Island View Terminal,Tanker Services Fuel,575,8.76,10.26273600,817.60,Secondary,TNK-IVT-DIR-2022,2216366.00
2024-10-20,EA33,Alrode,Unitrans Supply Chain Sols,321,12.74,11.01254400,704.60,Secondary,UNI-ALR-DIR-2022,2883961.00
2024-08-02,EA33,Alrode,Unitrans Supply Chain Sols,3425,11.51,43.78579200,6231.60,Secondary,UNI-ALR-DIR-2022,2883961.00
2024-09-10,EB08,Ladysmith,Tanker Services Fuel,347,7.28,2.43443200,374.56,Secondary,TNK-LAY-DIR-2022,474936.00
2024-09-23,EB21,Waltloo,Makwande,1307,10.00,11.46686600,1450.72,Secondary,MKW-WAO-DIR-2022,2598222.00
2024-09-07,EB08,Ladysmith,Tanker Services Fuel,1169,14.84,12.40958400,1262.84,Secondary,TNK-LAY-DIR-2022,474936.00
2024-09-25,EA33,Alrode,Unitrans Supply Chain Sols,1134,12.31,19.15833600,1483.48,Secondary,UNI-ALR-DIR-2022,2883961.00
2024-08-05,EB06,Island View Terminal,Tanker Services Fuel,562,34.26,51.55779200,2609.92,Secondary,TNK-IVT-DIR-2022,2216366.00
2024-09-09,EA35,Bethlehem,Unitrans Supply Chain Sols,640,5.30,1.83340800,917.57,Secondary,UNI-BLM-DIR-2022,576792.00
2024-10-16,EB06,Island View Terminal,Tanker Services Fuel,1001,10.76,16.19164800,2029.88,Secondary,TNK-IVT-DIR-2022,2216366.00
2024-08-25,EB06,Island View Terminal,Tanker Services Fuel,135,24.14,8.07241600,740.72,Secondary,TNK-IVT-DIR-2022,2216366.00
2024-08-08,EB21,Waltloo,Makwande,1860,15.88,47.79198300,2753.41,Secondary,MKW-WAO-DIR-2022,2598222.00
2024-08-13,EB21,Waltloo,Makwande,3598,15.99,57.28704100,7657.20,Secondary,MKW-WAO-DIR-2022,2598222.00
2024-08-14,EA33,Alrode,Unitrans Supply Chain Sols,4492,11.59,70.14643200,8128.03,Secondary,UNI-ALR-DIR-2022,2883961.00
2024-10-26,EB06,Island View Terminal,Tanker Services Fuel,735,11.73,13.73715200,980.49,Secondary,TNK-IVT-DIR-2022,2216366.00
2024-09-19,EA33,Alrode,Unitrans Supply Chain Sols,1351,9.31,22.54348800,1881.30,Secondary,UNI-ALR-DIR-2022,2883961.00
2024-10-12,EB06,Island View Terminal,Tanker Services Fuel,1195,15.20,20.33653600,3441.57,Secondary,TNK-IVT-DIR-2022,2216366.00
2024-08-06,EA33,Alrode,Unitrans Supply Chain Sols,4973,7.10,39.28435200,5509.82,Secondary,UNI-ALR-DIR-2022,2883961.00
2024-09-08,EB21,Waltloo,Makwande,2037,15.06,32.38866600,3450.77,Secondary,MKW-WAO-DIR-2022,2598222.00
2024-10-17,EB21,Waltloo,Makwande,2260,11.60,26.60794400,3324.70,Secondary,MKW-WAO-DIR-2022,2598222.00
2024-08-12,EA35,Bethlehem,Unitrans Supply Chain Sols,173,12.07,4.17139200,383.86,Secondary,UNI-BLM-DIR-2022,576792.00
2024-10-25,EA33,Alrode,Unitrans Supply Chain Sols,5021,7.99,49.74912000,6095.41,Secondary,UNI-ALR-DIR-2022,2883961.00
2024-10-10,EA33,Alrode,Unitrans Supply Chain Sols,1372,4.77,9.07200000,1693.76,Secondary,UNI-ALR-DIR-2022,2883961.00
2024-08-05,EA33,Alrode,Unitrans Supply Chain Sols,3566,11.11,65.31840000,6834.72,Secondary,UNI-ALR-DIR-2022,2883961.00
2024-08-06,EB21,Waltloo,Makwande,5330,13.05,72.97982400,10276.74,Secondary,MKW-WAO-DIR-2022,2598222.00
2024-08-27,EA33,Alrode,Unitrans Supply Chain Sols,2591,15.30,50.25542400,6043.99,Secondary,UNI-ALR-DIR-2022,2883961.00
2024-08-15,EB06,Island View Terminal,Tanker Services Fuel,1173,16.83,30.96209600,2412.53,Secondary,TNK-IVT-DIR-2022,2216366.00
2024-10-25,EA35,Bethlehem,Unitrans Supply Chain Sols,616,13.98,7.24723200,2086.70,Secondary,UNI-BLM-DIR-2022,576792.00
2024-09-16,EB05,East London,Tanker Services Fuel,144,6.09,1.01824800,146.63,Secondary,TNK-ESL-DIR-2022,791559.00
2024-09-08,EA33,Alrode,Unitrans Supply Chain Sols,1566,7.71,15.99782400,2358.90,Secondary,UNI-ALR-DIR-2022,2883961.00
2024-08-11,EA35,Bethlehem,Unitrans Supply Chain Sols,98,12.37,2.13753600,209.48,Secondary,UNI-BLM-DIR-2022,576792.00
2024-09-12,EA33,Alrode,Unitrans Supply Chain Sols,1263,14.33,19.81843200,3046.26,Secondary,UNI-ALR-DIR-2022,2883961.00
2024-08-20,EA33,Alrode,Unitrans Supply Chain Sols,3819,7.94,38.44627200,4484.99,Secondary,UNI-ALR-DIR-2022,2883961.00
2024-09-17,EB21,Waltloo,Makwande,1626,10.94,15.67988600,2459.51,Secondary,MKW-WAO-DIR-2022,2598222.00
2024-10-04,EA35,Bethlehem,Unitrans Supply Chain Sols,93,0.74,0.12787200,11.89,Secondary,UNI-BLM-DIR-2022,576792.00
2024-10-16,EA33,Alrode,Unitrans Supply Chain Sols,4376,9.68,53.53689600,6118.22,Secondary,UNI-ALR-DIR-2022,2883961.00
2024-09-18,EB16,Natref,Maphalakarabo,262,15.54,1.54778400,405.52,Primary,MPK-VEN-DIR-1,463324.00
2024-08-22,EA33,Alrode,Unitrans Supply Chain Sols,2510,14.72,71.25753600,4870.80,Secondary,UNI-ALR-DIR-2022,2883961.00
2024-09-13,EA33,Alrode,Unitrans Supply Chain Sols,966,8.93,12.35692800,1815.83,Secondary,UNI-ALR-DIR-2022,2883961.00
2024-09-24,EB21,Waltloo,Makwande,2399,12.47,28.60268000,4099.74,Secondary,MKW-WAO-DIR-2022,2598222.00
2024-08-14,EB21,Waltloo,Makwande,2858,17.08,58.76876300,6572.51,Secondary,MKW-WAO-DIR-2022,2598222.00
2024-10-23,EA35,Bethlehem,Unitrans Supply Chain Sols,566,2.48,1.28908800,164.77,Secondary,UNI-BLM-DIR-2022,576792.00
2024-10-08,EB21,Waltloo,Makwande,2456,17.07,36.71059400,6159.61,Secondary,MKW-WAO-DIR-2022,2598222.00
2024-08-18,EB06,Island View Terminal,Tanker Services Fuel,1903,9.59,16.03949600,3372.69,Secondary,TNK-IVT-DIR-2022,2216366.00
2024-09-12,EB39,Klerksdorp,Unitrans Supply Chain Sols,241,4.64,2.40537600,192.93,Secondary,UNI-KPR-DIR-2022,576792.00
2024-09-13,EB39,Klerksdorp,Unitrans Supply Chain Sols,330,12.54,8.67283200,593.89,Secondary,UNI-KPR-DIR-2022,576792.00
2024-10-01,EB21,Waltloo,Makwande,1331,6.92,8.92472400,1137.67,Secondary,MKW-WAO-DIR-2022,2598222.00
2024-08-02,EB21,Waltloo,Makwande,2871,22.17,60.36225900,6006.72,Secondary,MKW-WAO-DIR-2022,2598222.00
2024-10-28,EB05,East London,Tanker Services Fuel,42,8.11,2.71198400,59.55,Secondary,TNK-ESL-DIR-2022,791559.00
2024-09-16,EB21,Waltloo,Makwande,523,12.34,10.60993200,658.54,Secondary,MKW-WAO-DIR-2022,2598222.00
2024-09-07,EB43,Port Elizabeth,Tanker Services Fuel,1265,4.60,1.53991200,968.21,Secondary,TNK-PE-DIR-2022,474936.00
2024-09-23,EB06,Island View Terminal,Tanker Services Fuel,1637,21.37,25.01646400,6042.70,Secondary,TNK-IVT-DIR-2022,2216366.00
2024-09-24,EA35,Bethlehem,Unitrans Supply Chain Sols,408,12.98,4.48761600,1404.28,Secondary,UNI-BLM-DIR-2022,576792.00
2024-10-07,EB21,Waltloo,Makwande,304,3.69,1.05898700,103.84,Secondary,MKW-WAO-DIR-2022,2598222.00
2024-08-13,EA35,Bethlehem,Unitrans Supply Chain Sols,1508,9.23,9.57139200,2431.97,Secondary,UNI-BLM-DIR-2022,576792.00
2024-10-30,EB21,Waltloo,Makwande,32,8.91,1.27680300,40.86,Secondary,MKW-WAO-DIR-2022,2598222.00
2024-08-07,EB44,Witbank,Makwande,65,39.84,5.70907200,371.09,Secondary,MKW-WIT-DIR-2022,1136722.00
2024-08-19,EA35,Bethlehem,Unitrans Supply Chain Sols,355,13.61,7.05715200,792.64,Secondary,UNI-BLM-DIR-2022,576792.00
2024-08-19,EB08,Ladysmith,Tanker Services Fuel,1053,27.52,27.61308000,5349.09,Secondary,TNK-LAY-DIR-2022,474936.00
2024-09-14,EB39,Klerksdorp,Unitrans Supply Chain Sols,491,17.14,5.92358400,1625.13,Secondary,UNI-KPR-DIR-2022,576792.00
2024-08-03,EB21,Waltloo,Makwande,3047,16.65,45.33725400,7063.60,Secondary,MKW-WAO-DIR-2022,2598222.00
2024-08-29,EB21,Waltloo,Makwande,1330,24.50,49.16623000,3552.50,Secondary,MKW-WAO-DIR-2022,2598222.00
2024-09-15,EB21,Waltloo,Makwande,1428,23.37,33.49637500,4520.04,Secondary,MKW-WAO-DIR-2022,2598222.00
2024-10-15,EB21,Waltloo,Makwande,2172,23.87,61.57027800,6347.96,Secondary,MKW-WAO-DIR-2022,2598222.00
2024-09-14,EA35,Bethlehem,Unitrans Supply Chain Sols,192,5.98,2.06841600,190.75,Secondary,UNI-BLM-DIR-2022,576792.00
2024-10-06,EB21,Waltloo,Makwande,1790,11.10,25.45437900,2484.28,Secondary,MKW-WAO-DIR-2022,2598222.00
2024-08-09,EB21,Waltloo,Makwande,2079,15.90,38.73542300,4862.89,Secondary,MKW-WAO-DIR-2022,2598222.00
2024-08-15,EA33,Alrode,Unitrans Supply Chain Sols,4252,10.39,50.28998400,7659.19,Secondary,UNI-ALR-DIR-2022,2883961.00
2024-09-19,EB21,Waltloo,Makwande,912,13.55,13.59630400,1854.73,Secondary,MKW-WAO-DIR-2022,2598222.00
2024-08-21,EB06,Island View Terminal,Tanker Services Fuel,1512,12.78,21.36983200,3126.97,Secondary,TNK-IVT-DIR-2022,2216366.00
2024-08-03,EB05,East London,Tanker Services Fuel,511,5.11,2.56317600,346.25,Secondary,TNK-ESL-DIR-2022,791559.00
2024-08-11,EA33,Alrode,Unitrans Supply Chain Sols,2965,9.31,32.19955200,4480.97,Secondary,UNI-ALR-DIR-2022,2883961.00
2024-10-23,EB06,Island View Terminal,Tanker Services Fuel,2986,17.78,62.44418400,8921.51,Secondary,TNK-IVT-DIR-2022,2216366.00
2024-08-09,EA35,Bethlehem,Unitrans Supply Chain Sols,498,9.41,4.87987200,346.71,Secondary,UNI-BLM-DIR-2022,576792.00
2024-08-04,EB21,Waltloo,Makwande,3549,19.87,51.25554400,9110.99,Secondary,MKW-WAO-DIR-2022,2598222.00
2024-10-11,EA33,Alrode,Unitrans Supply Chain Sols,2170,20.53,42.59001600,5160.89,Secondary,UNI-ALR-DIR-2022,2883961.00
2024-08-18,EA33,Alrode,Unitrans Supply Chain Sols,2843,13.72,54.54604800,6526.88,Secondary,UNI-ALR-DIR-2022,2883961.00
2024-08-08,EB06,Island View Terminal,Tanker Services Fuel,1103,14.13,14.18023200,2618.50,Secondary,TNK-IVT-DIR-2022,2216366.00
2024-08-10,EB06,Island View Terminal,Tanker Services Fuel,1637,19.29,32.25455200,6213.57,Secondary,TNK-IVT-DIR-2022,2216366.00
2024-09-11,EB08,Ladysmith,Tanker Services Fuel,259,23.43,7.83666400,657.74,Secondary,TNK-LAY-DIR-2022,474936.00
2024-08-22,EA35,Bethlehem,Unitrans Supply Chain Sols,402,9.52,6.58022400,672.94,Secondary,UNI-BLM-DIR-2022,576792.00
2024-10-04,EB06,Island View Terminal,Tanker Services Fuel,851,15.87,23.89455200,2176.40,Secondary,TNK-IVT-DIR-2022,2216366.00
2024-10-08,EB06,Island View Terminal,Tanker Services Fuel,453,9.98,8.34495200,1176.90,Secondary,TNK-IVT-DIR-2022,2216366.00
2024-08-22,EB39,Klerksdorp,Unitrans Supply Chain Sols,371,12.07,6.25708800,764.35,Secondary,UNI-KPR-DIR-2022,576792.00
2024-10-27,EB21,Waltloo,Makwande,3592,13.87,45.74565900,6647.46,Secondary,MKW-WAO-DIR-2022,2598222.00
2024-10-01,EA35,Bethlehem,Unitrans Supply Chain Sols,878,28.20,9.74592000,4559.57,Secondary,UNI-BLM-DIR-2022,576792.00
2024-08-17,EB06,Island View Terminal,Tanker Services Fuel,1630,19.29,51.61965600,4878.12,Secondary,TNK-IVT-DIR-2022,2216366.00
2024-08-14,EB39,Klerksdorp,Unitrans Supply Chain Sols,227,5.29,1.82822400,184.65,Secondary,UNI-KPR-DIR-2022,576792.00
2024-10-22,EA35,Bethlehem,Unitrans Supply Chain Sols,377,18.29,9.48326400,1585.74,Secondary,UNI-BLM-DIR-2022,576792.00
2024-08-26,EB39,Klerksdorp,Unitrans Supply Chain Sols,260,12.44,6.44889600,565.93,Secondary,UNI-KPR-DIR-2022,576792.00
2024-09-06,EB08,Ladysmith,Tanker Services Fuel,1171,29.44,24.61351200,4246.45,Secondary,TNK-LAY-DIR-2022,474936.00
2024-08-12,EB44,Witbank,Makwande,188,28.90,16.56834600,570.21,Secondary,MKW-WIT-DIR-2022,1136722.00
2024-08-17,EB16,Natref,Maphalakarabo,261,15.54,1.54778400,403.97,Primary,MPK-VEN-DIR-1,463324.00
2024-08-21,EB44,Witbank,Makwande,335,22.09,6.33099400,983.38,Secondary,MKW-WIT-DIR-2022,1136722.00
2024-10-22,EB08,Ladysmith,Tanker Services Fuel,686,4.51,2.26221600,535.17,Secondary,TNK-LAY-DIR-2022,474936.00
2024-09-29,EB06,Island View Terminal,Tanker Services Fuel,709,14.05,9.39998400,2052.68,Secondary,TNK-IVT-DIR-2022,2216366.00
2024-08-10,EB08,Ladysmith,Tanker Services Fuel,423,19.53,9.79624800,1099.16,Secondary,TNK-LAY-DIR-2022,474936.00
2024-08-11,EB16,Natref,Maphalakarabo,260,15.38,1.53184800,398.28,Primary,MPK-VEN-DIR-1,463324.00
2024-10-01,EB05,East London,Tanker Services Fuel,12,9.65,1.61348000,19.36,Secondary,TNK-ESL-DIR-2022,791559.00
2024-09-26,EB21,Waltloo,Makwande,1671,18.50,26.51766500,4033.92,Secondary,MKW-WAO-DIR-2022,2598222.00
2024-09-26,EB06,Island View Terminal,Tanker Services Fuel,720,13.27,13.31915200,1603.91,Secondary,TNK-IVT-DIR-2022,2216366.00
2024-10-20,EB44,Witbank,Makwande,210,32.21,4.61569300,969.30,Secondary,MKW-WIT-DIR-2022,1136722.00
2024-08-26,EB06,Island View Terminal,Tanker Services Fuel,783,20.31,16.98083200,2284.02,Secondary,TNK-IVT-DIR-2022,2216366.00
2024-08-29,EB08,Ladysmith,Tanker Services Fuel,500,9.81,4.92236800,1025.71,Secondary,TNK-LAY-DIR-2022,474936.00
2024-10-02,EB05,East London,Tanker Services Fuel,52,10.70,1.78904000,93.03,Secondary,TNK-ESL-DIR-2022,791559.00
2024-08-05,EA35,Bethlehem,Unitrans Supply Chain Sols,272,20.00,10.36972800,368.35,Secondary,UNI-BLM-DIR-2022,576792.00
2024-09-28,EB44,Witbank,Makwande,474,21.21,3.03939300,1440.67,Secondary,MKW-WIT-DIR-2022,1136722.00
2024-08-08,EB39,Klerksdorp,Unitrans Supply Chain Sols,705,12.52,12.98592000,1748.11,Secondary,UNI-KPR-DIR-2022,576792.00
2024-08-13,EB08,Ladysmith,Tanker Services Fuel,574,5.52,1.84588800,582.10,Secondary,TNK-LAY-DIR-2022,474936.00
2024-08-12,EA33,Alrode,Unitrans Supply Chain Sols,2741,9.06,26.62502400,5193.35,Secondary,UNI-ALR-DIR-2022,2883961.00
2024-08-01,EA33,Alrode,Unitrans Supply Chain Sols,812,4.53,7.05715200,568.11,Secondary,UNI-ALR-DIR-2022,2883961.00
2024-09-30,EB21,Waltloo,Makwande,1900,11.51,18.15611000,3368.78,Secondary,MKW-WAO-DIR-2022,2598222.00
2024-08-20,EB06,Island View Terminal,Tanker Services Fuel,1665,8.56,18.60601600,2311.10,Secondary,TNK-IVT-DIR-2022,2216366.00
2024-10-22,EB06,Island View Terminal,Tanker Services Fuel,816,11.77,11.81435200,1708.63,Secondary,TNK-IVT-DIR-2022,2216366.00
2024-09-10,EA35,Bethlehem,Unitrans Supply Chain Sols,524,3.33,1.15084800,129.97,Secondary,UNI-BLM-DIR-2022,576792.00
2024-09-24,EB39,Klerksdorp,Unitrans Supply Chain Sols,302,12.12,8.37734400,636.29,Secondary,UNI-KPR-DIR-2022,576792.00
2024-08-27,EB06,Island View Terminal,Tanker Services Fuel,310,28.77,9.62236000,1612.57,Secondary,TNK-IVT-DIR-2022,2216366.00
2024-10-08,EB08,Ladysmith,Tanker Services Fuel,865,14.26,7.15281600,2046.46,Secondary,TNK-LAY-DIR-2022,474936.00
2024-10-12,EB39,Klerksdorp,Unitrans Supply Chain Sols,224,12.88,6.68044800,466.49,Secondary,UNI-KPR-DIR-2022,576792.00
2024-09-04,EB21,Waltloo,Makwande,303,31.08,17.81935500,1295.13,Secondary,MKW-WAO-DIR-2022,2598222.00
2024-09-14,EA33,Alrode,Unitrans Supply Chain Sols,2088,7.65,18.52070400,3241.18,Secondary,UNI-ALR-DIR-2022,2883961.00
2024-09-15,EB06,Island View Terminal,Tanker Services Fuel,1190,12.21,8.16772000,2582.14,Secondary,TNK-IVT-DIR-2022,2216366.00
2024-09-06,EB44,Witbank,Makwande,407,6.53,1.87293100,604.96,Secondary,MKW-WIT-DIR-2022,1136722.00
2024-10-10,EB06,Island View Terminal,Tanker Services Fuel,1817,9.26,10.84292000,2440.25,Secondary,TNK-IVT-DIR-2022,2216366.00
2024-08-11,EB44,Witbank,Makwande,481,16.66,4.77618900,857.03,Secondary,MKW-WIT-DIR-2022,1136722.00
2024-09-26,EA35,Bethlehem,Unitrans Supply Chain Sols,272,9.64,3.33158400,446.71,Secondary,UNI-BLM-DIR-2022,576792.00
2024-09-18,EB05,East London,Tanker Services Fuel,162,5.07,0.84770400,137.33,Secondary,TNK-ESL-DIR-2022,791559.00
2024-09-25,EA35,Bethlehem,Unitrans Supply Chain Sols,455,5.31,1.83686400,180.01,Secondary,UNI-BLM-DIR-2022,576792.00
2024-10-18,EB06,Island View Terminal,Tanker Services Fuel,825,28.55,28.64303200,4234.39,Secondary,TNK-IVT-DIR-2022,2216366.00
2024-09-30,EB05,East London,Tanker Services Fuel,153,7.22,1.20718400,184.70,Secondary,TNK-ESL-DIR-2022,791559.00
2024-08-10,EB39,Klerksdorp,Unitrans Supply Chain Sols,801,3.09,2.14099200,302.00,Secondary,UNI-KPR-DIR-2022,576792.00
2024-09-23,EB08,Ladysmith,Tanker Services Fuel,457,17.99,9.02545600,840.17,Secondary,TNK-LAY-DIR-2022,474936.00
2024-10-14,EB08,Ladysmith,Tanker Services Fuel,314,19.64,3.28380800,1031.12,Secondary,TNK-LAY-DIR-2022,474936.00
2024-08-12,EB08,Ladysmith,Tanker Services Fuel,536,17.28,8.67099200,1065.99,Secondary,TNK-LAY-DIR-2022,474936.00
2024-08-16,EB05,East London,Tanker Services Fuel,67,10.31,1.72383200,115.50,Secondary,TNK-ESL-DIR-2022,791559.00
2024-09-09,EB21,Waltloo,Makwande,100,13.94,1.99760200,199.76,Secondary,MKW-WAO-DIR-2022,2598222.00
2024-09-21,EB39,Klerksdorp,Unitrans Supply Chain Sols,52,0.29,0.05011200,2.61,Secondary,UNI-KPR-DIR-2022,576792.00
2024-08-18,EB44,Witbank,Makwande,207,21.31,3.05372300,632.12,Secondary,MKW-WIT-DIR-2022,1136722.00
2024-10-21,EB05,East London,Tanker Services Fuel,366,5.25,1.75560000,331.93,Secondary,TNK-ESL-DIR-2022,791559.00
2024-08-28,EB44,Witbank,Makwande,122,22.15,3.17409500,387.24,Secondary,MKW-WIT-DIR-2022,1136722.00
2024-09-20,EB05,East London,Tanker Services Fuel,32,6.48,1.08345600,34.67,Secondary,TNK-ESL-DIR-2022,791559.00
2024-09-06,EB05,East London,Tanker Services Fuel,177,8.94,1.49476800,264.57,Secondary,TNK-ESL-DIR-2022,791559.00
2024-09-21,EB06,Island View Terminal,Tanker Services Fuel,571,9.81,8.20283200,944.55,Secondary,TNK-IVT-DIR-2022,2216366.00
2024-08-11,EB08,Ladysmith,Tanker Services Fuel,525,4.97,1.66196800,512.48,Secondary,TNK-LAY-DIR-2022,474936.00
2024-09-17,EB08,Ladysmith,Tanker Services Fuel,86,13.96,2.33411200,200.73,Secondary,TNK-LAY-DIR-2022,474936.00
2024-08-02,EB05,East London,Tanker Services Fuel,26,32.03,10.71250400,100.92,Secondary,TNK-ESL-DIR-2022,791559.00
2024-08-19,EB05,East London,Tanker Services Fuel,80,16.07,2.68690400,214.95,Secondary,TNK-ESL-DIR-2022,791559.00
2024-08-17,EB44,Witbank,Makwande,687,18.41,7.91589200,1288.46,Secondary,MKW-WIT-DIR-2022,1136722.00
2024-08-15,EB08,Ladysmith,Tanker Services Fuel,350,5.06,1.69373600,314.33,Secondary,TNK-LAY-DIR-2022,474936.00
2024-09-23,EB44,Witbank,Makwande,538,8.16,1.16932800,629.10,Secondary,MKW-WIT-DIR-2022,1136722.00
2024-08-15,EB44,Witbank,Makwande,105,8.81,1.26247300,132.56,Secondary,MKW-WIT-DIR-2022,1136722.00
2024-10-08,EB44,Witbank,Makwande,286,30.70,8.79862000,1177.31,Secondary,MKW-WIT-DIR-2022,1136722.00
2024-10-14,EB44,Witbank,Makwande,98,2.19,0.31382700,30.76,Secondary,MKW-WIT-DIR-2022,1136722.00
2024-10-22,EB44,Witbank,Makwande,333,23.12,9.94072100,1137.14,Secondary,MKW-WIT-DIR-2022,1136722.00
2024-08-01,EB39,Klerksdorp,Unitrans Supply Chain Sols,124,12.11,2.09260800,259.48,Secondary,UNI-KPR-DIR-2022,576792.00
2024-09-10,EB44,Witbank,Makwande,53,0.63,0.09027900,4.78,Secondary,MKW-WIT-DIR-2022,1136722.00
2024-10-17,EB05,East London,Tanker Services Fuel,994,80.40,26.88576000,13362.22,Secondary,TNK-ESL-DIR-2022,791559.00
2024-10-09,EA35,Bethlehem,Unitrans Supply Chain Sols,49,4.98,0.86054400,42.17,Secondary,UNI-BLM-DIR-2022,576792.00
2024-10-29,EB08,Ladysmith,Tanker Services Fuel,314,16.49,5.51425600,613.38,Secondary,TNK-LAY-DIR-2022,474936.00
2024-08-18,EB08,Ladysmith,Tanker Services Fuel,257,7.86,2.63005600,300.75,Secondary,TNK-LAY-DIR-2022,474936.00
2024-08-01,EB44,Witbank,Makwande,378,4.23,0.60615900,229.13,Secondary,MKW-WIT-DIR-2022,1136722.00
2024-09-19,EB05,East London,Tanker Services Fuel,78,2.30,0.38456000,30.00,Secondary,TNK-ESL-DIR-2022,791559.00
2024-09-19,EA35,Bethlehem,Unitrans Supply Chain Sols,97,9.18,1.58630400,153.87,Secondary,UNI-BLM-DIR-2022,576792.00
2024-10-11,EA35,Bethlehem,Unitrans Supply Chain Sols,269,0.00,0.00000000,0.00,Secondary,UNI-BLM-DIR-2022,576792.00
2024-08-05,EB16,Natref,Maphalakarabo,262,15.35,1.52886000,400.56,Primary,MPK-VEN-DIR-1,463324.00
2024-09-27,EB21,Waltloo,Makwande,2273,16.41,25.88141300,4953.99,Secondary,MKW-WAO-DIR-2022,2598222.00
2024-08-29,EA35,Bethlehem,Unitrans Supply Chain Sols,201,2.74,0.94694400,74.74,Secondary,UNI-BLM-DIR-2022,576792.00
2024-08-25,EB44,Witbank,Makwande,162,19.20,5.50272000,405.74,Secondary,MKW-WIT-DIR-2022,1136722.00
2024-10-20,EB39,Klerksdorp,Unitrans Supply Chain Sols,107,10.39,1.79539200,192.11,Secondary,UNI-KPR-DIR-2022,576792.00
2024-08-21,EA35,Bethlehem,Unitrans Supply Chain Sols,120,4.30,0.74304000,89.16,Secondary,UNI-BLM-DIR-2022,576792.00
2024-10-03,EA35,Bethlehem,Unitrans Supply Chain Sols,424,9.75,3.37132800,502.39,Secondary,UNI-BLM-DIR-2022,576792.00
2024-08-08,EB44,Witbank,Makwande,256,19.43,5.57007100,423.27,Secondary,MKW-WIT-DIR-2022,1136722.00
2024-10-15,EA35,Bethlehem,Unitrans Supply Chain Sols,356,30.95,5.34816000,1903.94,Secondary,UNI-BLM-DIR-2022,576792.00
2024-09-16,EB16,Natref,Maphalakarabo,259,14.36,1.43025600,370.44,Primary,MPK-VEN-DIR-1,463324.00
2024-08-01,EB08,Ladysmith,Tanker Services Fuel,254,4.90,0.81928000,208.10,Secondary,TNK-LAY-DIR-2022,474936.00
2024-10-15,EB05,East London,Tanker Services Fuel,328,63.99,21.39825600,3509.32,Secondary,TNK-ESL-DIR-2022,791559.00
2024-08-02,EA35,Bethlehem,Unitrans Supply Chain Sols,135,22.06,3.81196800,514.62,Secondary,UNI-BLM-DIR-2022,576792.00
2024-08-27,EA35,Bethlehem,Unitrans Supply Chain Sols,937,13.96,9.65433600,2656.04,Secondary,UNI-BLM-DIR-2022,576792.00
2024-09-25,EB06,Island View Terminal,Tanker Services Fuel,582,22.97,11.52175200,1440.08,Secondary,TNK-IVT-DIR-2022,2216366.00
2024-09-20,EB08,Ladysmith,Tanker Services Fuel,88,19.33,3.23197600,284.41,Secondary,TNK-LAY-DIR-2022,474936.00
2024-10-18,EB39,Klerksdorp,Unitrans Supply Chain Sols,530,15.53,10.73433600,1122.44,Secondary,UNI-KPR-DIR-2022,576792.00
2024-09-27,EA33,Alrode,Unitrans Supply Chain Sols,270,11.86,6.15168000,535.60,Secondary,UNI-ALR-DIR-2022,2883961.00
2024-08-13,EB39,Klerksdorp,Unitrans Supply Chain Sols,315,11.49,5.95814400,623.50,Secondary,UNI-KPR-DIR-2022,576792.00
2024-09-27,EB05,East London,Tanker Services Fuel,12,6.84,1.14364800,13.72,Secondary,TNK-ESL-DIR-2022,791559.00
2024-08-14,EA35,Bethlehem,Unitrans Supply Chain Sols,402,17.68,12.22041600,1576.61,Secondary,UNI-BLM-DIR-2022,576792.00
2024-10-05,EB39,Klerksdorp,Unitrans Supply Chain Sols,206,15.23,5.26348800,664.81,Secondary,UNI-KPR-DIR-2022,576792.00
2024-10-11,EB44,Witbank,Makwande,234,2.06,0.29519800,69.08,Secondary,MKW-WIT-DIR-2022,1136722.00
2024-08-14,EB44,Witbank,Makwande,285,30.39,4.35488700,1241.14,Secondary,MKW-WIT-DIR-2022,1136722.00
2024-09-15,EB39,Klerksdorp,Unitrans Supply Chain Sols,270,15.51,5.36198400,746.04,Secondary,UNI-KPR-DIR-2022,576792.00
2024-08-23,EA35,Bethlehem,Unitrans Supply Chain Sols,704,30.98,5.35334400,3768.75,Secondary,UNI-BLM-DIR-2022,576792.00
2024-09-17,EB05,East London,Tanker Services Fuel,102,5.15,0.86108000,87.83,Secondary,TNK-ESL-DIR-2022,791559.00
2024-08-26,EB44,Witbank,Makwande,91,34.95,10.01667000,456.19,Secondary,MKW-WIT-DIR-2022,1136722.00
2024-10-03,EB39,Klerksdorp,Unitrans Supply Chain Sols,95,1.69,0.29203200,27.74,Secondary,UNI-KPR-DIR-2022,576792.00
2024-08-22,EB44,Witbank,Makwande,937,18.63,5.34079100,2631.82,Secondary,MKW-WIT-DIR-2022,1136722.00
2024-09-08,EB06,Island View Terminal,Tanker Services Fuel,420,15.54,10.39649600,1023.47,Secondary,TNK-IVT-DIR-2022,2216366.00
2024-09-24,EB08,Ladysmith,Tanker Services Fuel,223,18.78,3.14001600,700.22,Secondary,TNK-LAY-DIR-2022,474936.00
2024-10-23,EB08,Ladysmith,Tanker Services Fuel,499,26.87,8.98532800,2217.08,Secondary,TNK-LAY-DIR-2022,474936.00
2024-09-12,EB05,East London,Tanker Services Fuel,29,13.54,2.26388800,65.65,Secondary,TNK-ESL-DIR-2022,791559.00
2024-09-18,EB08,Ladysmith,Tanker Services Fuel,428,8.13,2.72034400,667.41,Secondary,TNK-LAY-DIR-2022,474936.00
2024-10-13,EA35,Bethlehem,Unitrans Supply Chain Sols,12,15.65,2.70432000,32.45,Secondary,UNI-BLM-DIR-2022,576792.00
2024-08-09,EB39,Klerksdorp,Unitrans Supply Chain Sols,173,3.53,0.60998400,105.53,Secondary,UNI-KPR-DIR-2022,576792.00
2024-08-21,EB16,Natref,Maphalakarabo,250,14.51,1.44519600,361.30,Primary,MPK-VEN-DIR-1,463324.00
2024-08-15,EA35,Bethlehem,Unitrans Supply Chain Sols,77,1.50,0.25920000,19.96,Secondary,UNI-BLM-DIR-2022,576792.00
2024-09-17,EA35,Bethlehem,Unitrans Supply Chain Sols,69,21.16,3.65644800,252.29,Secondary,UNI-BLM-DIR-2022,576792.00
2024-09-27,EB08,Ladysmith,Tanker Services Fuel,6,65.82,11.00510400,66.03,Secondary,TNK-LAY-DIR-2022,474936.00
